{
  "product": "company_watch",
  "generated_at": "2026-03-06T10:25:04.326003+00:00",
  "stock_count": 5,
  "stocks": [
    {
      "ticker": "BABA",
      "company": "Alibaba",
      "current_price": 130.35,
      "active": {
        "state": "FLAT",
        "direction": null,
        "entry_price": null,
        "unrealised_pnl": 0,
        "realised_pnl": -0.744210218165161,
        "total_pnl": -0.744210218165161,
        "daily_pnl": 0,
        "stance": "HOLD",
        "confidence": 55.0,
        "report_confidence": 74.0,
        "house_confidence": 55.0,
        "is_ducking": false
      },
      "passive": {
        "entry_price": 155.73,
        "pnl": -16.29743787324215,
        "daily_pnl": -16.29743787324215
      },
      "alpha": 15.553227655076988,
      "total_trades": 30,
      "win_rate": 3.3333333333333335,
      "days_tracked": 15,
      "trade_stats": {
        "best": 0.21874798944862858,
        "worst": -0.9629582076137896
      },
      "short_enhanced_pnl": 14.809017436911827
    },
    {
      "ticker": "JD",
      "company": "JD.com",
      "current_price": 25.47,
      "active": {
        "state": "HELD",
        "direction": "LONG",
        "entry_price": 25.64,
        "unrealised_pnl": -0.663026521060849,
        "realised_pnl": -6.164778639549871,
        "total_pnl": -6.82780516061072,
        "daily_pnl": -0.663026521060849,
        "stance": "BUY",
        "confidence": 70.0,
        "report_confidence": 64.0,
        "house_confidence": 70.0,
        "is_ducking": false
      },
      "passive": {
        "entry_price": 27.14,
        "pnl": -6.153279292557117,
        "daily_pnl": -6.153279292557117
      },
      "alpha": -0.6745258680536033,
      "total_trades": 31,
      "win_rate": 3.225806451612903,
      "days_tracked": 15,
      "trade_stats": {
        "best": 0.29271862422247297,
        "worst": -6.457497263772344
      },
      "short_enhanced_pnl": -7.502331028664323
    },
    {
      "ticker": "BIDU",
      "company": "Baidu",
      "current_price": 117.93,
      "active": {
        "state": "FLAT",
        "direction": null,
        "entry_price": null,
        "unrealised_pnl": 0,
        "realised_pnl": 0,
        "total_pnl": 0,
        "daily_pnl": 0,
        "stance": "HOLD",
        "confidence": 55.0,
        "report_confidence": 40.0,
        "house_confidence": 55.0,
        "is_ducking": false
      },
      "passive": {
        "entry_price": 137.01,
        "pnl": -13.925990803590969,
        "daily_pnl": -13.925990803590969
      },
      "alpha": 13.925990803590969,
      "total_trades": 0,
      "win_rate": 0,
      "days_tracked": 15,
      "trade_stats": {
        "best": 0,
        "worst": 0
      },
      "short_enhanced_pnl": 13.925990803590969
    },
    {
      "ticker": "NTES",
      "company": "NetEase",
      "current_price": 113.99,
      "active": {
        "state": "FLAT",
        "direction": null,
        "entry_price": null,
        "unrealised_pnl": 0,
        "realised_pnl": -0.28381477813501066,
        "total_pnl": -0.28381477813501066,
        "daily_pnl": 0,
        "stance": "HOLD",
        "confidence": 55.0,
        "report_confidence": 40.0,
        "house_confidence": 55.0,
        "is_ducking": false
      },
      "passive": {
        "entry_price": 120.61,
        "pnl": -5.488765442334802,
        "daily_pnl": -5.488765442334802
      },
      "alpha": 5.2049506641997905,
      "total_trades": 30,
      "win_rate": 3.3333333333333335,
      "days_tracked": 15,
      "trade_stats": {
        "best": 0.15899581589957967,
        "worst": -0.44281059403459033
      },
      "short_enhanced_pnl": 4.92113588606478
    },
    {
      "ticker": "PDD",
      "company": "PDD Holdings",
      "current_price": 100.74,
      "active": {
        "state": "FLAT",
        "direction": null,
        "entry_price": null,
        "unrealised_pnl": 0,
        "realised_pnl": 0,
        "total_pnl": 0,
        "daily_pnl": 0,
        "stance": "HOLD",
        "confidence": 55.0,
        "report_confidence": 40.0,
        "house_confidence": 55.0,
        "is_ducking": false
      },
      "passive": {
        "entry_price": 100.28,
        "pnl": 0.45871559633026904,
        "daily_pnl": 0.45871559633026904
      },
      "alpha": -0.45871559633026904,
      "total_trades": 0,
      "win_rate": 0,
      "days_tracked": 15,
      "trade_stats": {
        "best": 0,
        "worst": 0
      },
      "short_enhanced_pnl": -0.45871559633026904
    }
  ],
  "ticker": "BABA",
  "current_price": 130.35,
  "active": {
    "state": "FLAT",
    "direction": null,
    "entry_price": null,
    "unrealised_pnl": 0,
    "realised_pnl": -0.744210218165161,
    "total_pnl": -0.744210218165161,
    "daily_pnl": 0,
    "stance": "HOLD",
    "confidence": 55.0,
    "report_confidence": 74.0,
    "house_confidence": 55.0,
    "is_ducking": false
  },
  "passive": {
    "entry_price": 155.73,
    "pnl": -16.29743787324215,
    "daily_pnl": -16.29743787324215
  },
  "alpha": 15.553227655076988,
  "total_trades": 30,
  "win_rate": 3.3333333333333335,
  "days_tracked": 15
}