{
  "product": "company_watch",
  "generated_at": "2026-03-07T06:50:37.035626+00:00",
  "stock_count": 5,
  "stocks": [
    {
      "ticker": "BABA",
      "company": "Alibaba",
      "current_price": 130.79,
      "active": {
        "state": "FLAT",
        "direction": null,
        "entry_price": null,
        "unrealised_pnl": 0,
        "realised_pnl": -0.744210218165161,
        "total_pnl": -0.744210218165161,
        "daily_pnl": 0,
        "stance": "HOLD",
        "confidence": 55.0,
        "report_confidence": 50.0,
        "house_confidence": 55.0,
        "is_ducking": false
      },
      "passive": {
        "entry_price": 155.73,
        "pnl": -16.01489757914339,
        "daily_pnl": -16.01489757914339
      },
      "alpha": 15.27068736097823,
      "total_trades": 30,
      "win_rate": 3.3333333333333335,
      "days_tracked": 16,
      "trade_stats": {
        "best": 0.21874798944862858,
        "worst": -0.9629582076137896
      },
      "short_enhanced_pnl": 14.526477142813068
    },
    {
      "ticker": "JD",
      "company": "JD.com",
      "current_price": 27.03,
      "active": {
        "state": "HELD",
        "direction": "LONG",
        "entry_price": 25.64,
        "unrealised_pnl": 5.421216848673949,
        "realised_pnl": -6.164778639549871,
        "total_pnl": -0.7435617908759218,
        "daily_pnl": 5.421216848673949,
        "stance": "HOLD",
        "confidence": 60.0,
        "report_confidence": 50.0,
        "house_confidence": 60.0,
        "is_ducking": false
      },
      "passive": {
        "entry_price": 27.14,
        "pnl": -0.4053058216654364,
        "daily_pnl": -0.4053058216654364
      },
      "alpha": -0.3382559692104854,
      "total_trades": 31,
      "win_rate": 3.225806451612903,
      "days_tracked": 16,
      "trade_stats": {
        "best": 0.29271862422247297,
        "worst": -6.457497263772344
      },
      "short_enhanced_pnl": -1.0818177600864072
    },
    {
      "ticker": "BIDU",
      "company": "Baidu",
      "current_price": 119.05,
      "active": {
        "state": "FLAT",
        "direction": null,
        "entry_price": null,
        "unrealised_pnl": 0,
        "realised_pnl": 0,
        "total_pnl": 0,
        "daily_pnl": 0,
        "stance": "HOLD",
        "confidence": 55.0,
        "report_confidence": 50.0,
        "house_confidence": 55.0,
        "is_ducking": false
      },
      "passive": {
        "entry_price": 137.01,
        "pnl": -13.108532223925257,
        "daily_pnl": -13.108532223925257
      },
      "alpha": 13.108532223925257,
      "total_trades": 0,
      "win_rate": 0,
      "days_tracked": 16,
      "trade_stats": {
        "best": 0,
        "worst": 0
      },
      "short_enhanced_pnl": 13.108532223925257
    },
    {
      "ticker": "NTES",
      "company": "NetEase",
      "current_price": 117.82,
      "active": {
        "state": "FLAT",
        "direction": null,
        "entry_price": null,
        "unrealised_pnl": 0,
        "realised_pnl": -0.28381477813501066,
        "total_pnl": -0.28381477813501066,
        "daily_pnl": 0,
        "stance": "HOLD",
        "confidence": 55.0,
        "report_confidence": 50.0,
        "house_confidence": 55.0,
        "is_ducking": false
      },
      "passive": {
        "entry_price": 120.61,
        "pnl": -2.3132410247906527,
        "daily_pnl": -2.3132410247906527
      },
      "alpha": 2.029426246655642,
      "total_trades": 30,
      "win_rate": 3.3333333333333335,
      "days_tracked": 16,
      "trade_stats": {
        "best": 0.15899581589957967,
        "worst": -0.44281059403459033
      },
      "short_enhanced_pnl": 1.7456114685206314
    },
    {
      "ticker": "PDD",
      "company": "PDD Holdings",
      "current_price": 101.97,
      "active": {
        "state": "FLAT",
        "direction": null,
        "entry_price": null,
        "unrealised_pnl": 0,
        "realised_pnl": 0,
        "total_pnl": 0,
        "daily_pnl": 0,
        "stance": "HOLD",
        "confidence": 55.0,
        "report_confidence": 50.0,
        "house_confidence": 55.0,
        "is_ducking": false
      },
      "passive": {
        "entry_price": 100.28,
        "pnl": 1.6852812126047045,
        "daily_pnl": 1.6852812126047045
      },
      "alpha": -1.6852812126047045,
      "total_trades": 0,
      "win_rate": 0,
      "days_tracked": 16,
      "trade_stats": {
        "best": 0,
        "worst": 0
      },
      "short_enhanced_pnl": -1.6852812126047045
    }
  ],
  "ticker": "BABA",
  "current_price": 130.79,
  "active": {
    "state": "FLAT",
    "direction": null,
    "entry_price": null,
    "unrealised_pnl": 0,
    "realised_pnl": -0.744210218165161,
    "total_pnl": -0.744210218165161,
    "daily_pnl": 0,
    "stance": "HOLD",
    "confidence": 55.0,
    "report_confidence": 50.0,
    "house_confidence": 55.0,
    "is_ducking": false
  },
  "passive": {
    "entry_price": 155.73,
    "pnl": -16.01489757914339,
    "daily_pnl": -16.01489757914339
  },
  "alpha": 15.27068736097823,
  "total_trades": 30,
  "win_rate": 3.3333333333333335,
  "days_tracked": 16
}